timestamp,accel_X,accel_Y,accel_Z
1657206808997,-440,129,-873
1657206809037,-455,183,-915
1657206809077,-491,185,-909
1657206809117,-480,157,-883
1657206809157,-514,160,-877
1657206809197,-540,181,-906
1657206809237,-549,171,-882
1657206809277,-566,181,-888
1657206809317,-576,207,-919
1657206809357,-559,201,-839
1657206809397,-565,182,-800
1657206809437,-565,187,-827
1657206809477,-554,151,-806
1657206809517,-594,178,-813
1657206809557,-593,177,-826
1657206809597,-602,199,-854
1657206809637,-585,189,-844
1657206809677,-587,183,-823
1657206809717,-554,165,-811
1657206809757,-567,177,-854
1657206809797,-574,189,-840
1657206809837,-623,230,-858
1657206809877,-577,170,-814
1657206809917,-591,145,-795
1657206809957,-533,112,-794
1657206809997,-546,233,-830
1657206810037,-557,260,-854
1657206810077,-418,190,-944
1657206810117,-431,213,-954
1657206810157,-410,191,-982
1657206810197,-388,192,-967
1657206810237,-370,145,-879
1657206810277,-301,173,-925
1657206810317,-290,193,-793
1657206810357,-294,443,-712
1657206810397,-275,554,-1168
1657206810437,-466,398,-1422
1657206810477,-271,180,-777
1657206810517,-183,-64,-758
1657206810557,-298,92,-828
1657206810597,-409,176,-1043
1657206810637,-427,112,-919
1657206810677,-454,143,-896
1657206810717,-453,179,-914
1657206810757,-415,109,-880
1657206810797,-475,81,-859
1657206810837,-462,151,-969
1657206810877,-512,144,-949
1657206810917,-500,165,-953
1657206810957,-454,154,-926
1657206810997,-453,113,-859
1657206811037,-362,48,-914
1657206811077,-385,184,-937
1657206811117,-403,308,-1015
1657206811157,-332,222,-974
1657206811197,-308,228,-917
1657206811237,-317,245,-936
1657206811277,-277,126,-836
1657206811317,-223,187,-753
1657206811357,-102,740,-694
1657206811397,-300,429,-1085
1657206811437,-468,388,-1098
1657206811477,-247,63,-797
1657206811517,-233,76,-817
1657206811557,-359,166,-963
1657206811597,-328,135,-951
1657206811637,-380,96,-880
1657206811677,-423,224,-1020
1657206811717,-413,164,-922
1657206811757,-442,239,-1021
1657206811797,-414,209,-965
1657206811837,-401,191,-914
1657206811877,-370,178,-888
1657206811917,-395,179,-867
1657206811957,-383,176,-887
1657206811997,-458,245,-954
1657206812037,-401,222,-944
1657206812077,-414,256,-979
1657206812117,-436,243,-930
1657206812157,-451,234,-910
1657206812197,-456,230,-887
1657206812237,-479,226,-856
1657206812277,-524,231,-848
1657206812317,-546,243,-842
1657206812357,-582,244,-809
1657206812397,-580,234,-802
1657206812437,-596,251,-765
1657206812477,-643,267,-779
1657206812517,-660,294,-767
1657206812557,-658,307,-769
1657206812597,-642,276,-738
1657206812637,-642,276,-745
1657206812677,-653,298,-768
1657206812717,-634,260,-755
1657206812757,-661,270,-740
1657206812797,-697,324,-759
1657206812837,-684,268,-716
1657206812877,-704,293,-719
1657206812917,-704,318,-748
1657206812957,-697,246,-738
1657206812997,-781,276,-642
1657206813037,-788,247,-568
1657206813077,-812,261,-556
1657206813117,-793,253,-569
1657206813157,-797,228,-573
1657206813197,-824,104,-123
1657206813237,-1045,-283,731
1657206813277,-1131,-31,771
1657206813317,-780,-253,490
1657206813357,-662,-469,781
1657206813397,-670,-398,586
1657206813437,-636,-525,627
1657206813477,-608,-588,880
1657206813517,-581,-608,561
1657206813557,-527,-646,654
1657206813597,-451,-692,615
1657206813637,-453,-710,473
1657206813677,-432,-769,576
1657206813717,-408,-752,492
1657206813757,-392,-820,410
1657206813797,-360,-830,394
1657206813837,-371,-835,347
1657206813877,-293,-833,366
1657206813917,-212,-809,334
1657206813957,-439,-693,326
1657206813997,-637,-618,498
1657206814037,-925,-415,431
1657206814077,-918,-360,338
1657206814117,-1059,-198,331
1657206814157,-942,-246,188
1657206814197,-1001,-123,132
1657206814237,-1044,-30,35
1657206814277,-1170,176,-17
1657206814317,-1106,112,-127
1657206814357,-961,80,76
1657206814397,-1078,65,137
1657206814437,-1034,86,50
1657206814477,-1026,84,56
1657206814517,-1016,39,8
1657206814557,-1019,78,-16
1657206814597,-972,93,-102
1657206814637,-991,132,-47
1657206814677,-956,210,-11
1657206814717,-1027,115,-48
1657206814757,-1026,134,15
1657206814797,-1012,154,5
1657206814837,-1068,140,-19
1657206814877,-1021,131,-30
1657206814917,-1024,137,-39
1657206814957,-1031,136,-24
1657206814997,-1015,140,-32
1657206815037,-1033,136,-69
1657206815077,-1039,143,-42
1657206815117,-979,154,-64
1657206815157,-1046,134,-64
1657206815197,-1038,150,11
1657206815237,-992,150,-36
1657206815277,-958,119,-135
1657206815317,-969,280,-34
1657206815357,-968,199,-52
1657206815397,-984,172,4
1657206815437,-1030,159,-2
1657206815477,-1039,129,22
1657206815517,-1060,84,80
1657206815557,-1083,98,91
1657206815597,-1099,76,72
1657206815637,-1043,95,86
1657206815677,-1042,101,97
1657206815717,-1000,82,77
1657206815757,-995,98,91
1657206815797,-1031,113,125
1657206815837,-1000,81,148
1657206815877,-972,94,140
1657206815917,-1013,107,125
1657206815957,-1013,79,141
1657206815997,-1013,69,132
1657206816037,-1042,98,131
1657206816077,-1054,91,138
1657206816117,-1047,87,151
1657206816157,-1032,104,147
1657206816197,-1014,103,155
1657206816237,-1006,100,162
1657206816277,-1011,101,157
1657206816317,-1004,100,161
1657206816357,-973,80,149
1657206816397,-998,97,164
1657206816437,-984,63,161
1657206816477,-982,60,148
1657206816517,-1022,64,166
1657206816557,-1036,69,167
1657206816597,-1030,80,129
1657206816637,-1006,88,117
1657206816677,-1036,100,118
1657206816717,-1068,98,126
1657206816757,-1089,88,145
1657206816797,-1047,141,55
1657206816837,-992,166,-17
1657206816877,-1059,165,-57
1657206816917,-1084,172,-158
1657206816957,-800,304,-479
1657206816997,-856,389,-498
1657206817037,-769,314,-580
1657206817077,-598,291,-572
1657206817117,-635,355,-750
1657206817157,-668,451,-860
1657206817197,-528,417,-885
1657206817237,-507,393,-880
1657206817277,-517,490,-964
1657206817317,-471,399,-824
1657206817357,-267,141,-544
1657206817397,35,383,-415
1657206817437,211,-755,-1233
1657206817477,-306,764,-989
1657206817517,-460,956,-753
1657206817557,-214,262,-507
1657206817597,-266,356,-536
1657206817637,-429,559,-1003
1657206817677,-476,432,-609
1657206817717,-443,466,-575
1657206817757,-208,362,-515
1657206817797,-184,343,-388
1657206817837,-243,484,-463
1657206817877,-175,416,-278
1657206817917,-31,517,-131
1657206817957,45,797,-161
1657206817997,48,1026,-40
1657206818037,-173,1396,202
1657206818077,-415,1730,376
1657206818117,-339,1486,671
1657206818157,-484,1529,808
1657206818197,-491,1527,511
1657206818237,-448,1435,372
1657206818277,-383,1247,289
1657206818317,-307,1112,243
1657206818357,-217,1047,200
1657206818397,-77,1033,199
1657206818437,-57,973,230
1657206818477,-113,1004,269
1657206818517,-57,919,299
1657206818557,-72,929,350
1657206818597,-178,954,337
1657206818637,-198,1012,371
1657206818677,-227,1149,279
1657206818717,-240,1194,198
1657206818757,-155,1073,282
1657206818797,-158,1056,292
1657206818837,-180,1010,292
1657206818877,-119,917,325
1657206818917,-84,812,292
1657206818957,-80,784,257
1657206818997,-65,790,213
1657206819037,-59,815,181
1657206819077,-118,913,163
1657206819117,-204,967,195
1657206819157,-221,978,222
1657206819197,-217,992,197
1657206819237,-203,983,172
1657206819277,-186,989,160
1657206819317,-245,1025,230
1657206819357,-328,1085,285
1657206819397,-373,1165,291
1657206819437,-386,1166,270
1657206819477,-361,1116,267
1657206819517,-279,1066,223
1657206819557,-208,1004,233
1657206819597,-181,995,259
1657206819637,-179,1013,255
1657206819677,-181,1019,265
1657206819717,-155,987,272
1657206819757,-98,983,270
1657206819797,-64,948,282
1657206819837,-48,909,282
1657206819877,-69,892,287
1657206819917,-86,925,223
1657206819957,-89,951,217
1657206819997,-99,958,233
1657206820037,-127,962,253
1657206820077,-128,994,226
1657206820117,-162,996,226
1657206820157,-165,1001,223
1657206820197,-185,1028,211
1657206820237,-218,1017,221
1657206820277,-231,1001,254
1657206820317,-255,1018,250
1657206820357,-238,1082,276
1657206820397,-243,1095,225
1657206820437,-251,1068,254
1657206820477,-242,1025,288
1657206820517,-210,999,246
1657206820557,-273,1057,247
1657206820597,-221,897,352
1657206820637,-215,826,386
1657206820677,-250,845,340
1657206820717,-235,846,277
1657206820757,-257,937,278
1657206820797,-322,987,305
1657206820837,-319,957,349
1657206820877,-290,930,287
1657206820917,-246,944,273
1657206820957,-248,935,253
1657206820997,-249,923,264
1657206821037,-234,942,289
1657206821077,-293,881,289
1657206821117,-361,871,283
1657206821157,-487,914,301
1657206821197,-581,1014,353
1657206821237,-567,1048,380
1657206821277,-571,1085,286
1657206821317,-574,1050,277
1657206821357,-485,819,279
1657206821397,-349,611,305
1657206821437,-210,561,210
1657206821477,-93,591,87
1657206821517,-110,633,87
1657206821557,87,798,246
1657206821597,142,1304,497
1657206821637,-117,1360,689
1657206821677,-455,1399,861
1657206821717,-610,1273,624
1657206821757,-701,1165,349
1657206821797,-845,995,185
1657206821837,-949,820,76
1657206821877,-881,682,-83
1657206821917,-829,575,-103
1657206821957,-814,577,-8
1657206821997,-802,648,110
1657206822037,-794,1005,263
1657206822077,-1036,1633,899
1657206822117,-1317,2047,915
1657206822157,-899,2047,904
1657206822197,-733,1578,694
1657206822237,-369,937,455
1657206822277,55,461,281
1657206822317,205,217,106
1657206822357,273,134,-32
1657206822397,301,104,-166
1657206822437,314,144,-181
1657206822477,503,366,-145
1657206822517,595,865,85
1657206822557,255,1697,577
1657206822597,5,2047,972
1657206822637,-148,2047,1260
1657206822677,-291,2047,1385
1657206822717,-565,2006,1168
1657206822757,-676,1639,742
1657206822797,-763,1447,533
1657206822837,-622,1215,332
1657206822877,-422,954,342
1657206822917,-454,934,245
1657206822957,-373,910,171
1657206822997,-374,871,164
1657206823037,-339,820,206
1657206823077,-413,942,174
1657206823117,-423,909,362
1657206823157,-432,1283,510
1657206823197,148,1469,882
1657206823237,-39,1761,852
1657206823277,-353,1851,901
1657206823317,-417,1670,1063
1657206823357,-280,1333,691
1657206823397,-25,845,439
1657206823437,58,526,298
1657206823477,76,380,180
1657206823517,47,408,69
1657206823557,10,455,7
1657206823597,97,470,23
1657206823637,89,604,110
1657206823677,67,850,217
1657206823717,-54,1052,297
1657206823757,-96,1403,437
1657206823797,-230,1507,559
1657206823837,-409,1527,665
1657206823877,-308,1486,647
1657206823917,-286,1395,510
1657206823957,-351,1200,425
1657206823997,-447,1113,332
1657206824037,-515,960,261
1657206824077,-517,830,172
1657206824117,-515,716,126
1657206824157,-488,733,53
1657206824197,-502,810,76
1657206824237,-536,897,194
1657206824277,-527,1029,500
1657206824317,-457,1621,547
1657206824357,-546,1888,681
1657206824397,-508,1884,892
1657206824437,-438,1595,683
1657206824477,-272,1057,553
1657206824517,-93,652,429
1657206824557,58,396,204
1657206824597,114,426,-19
1657206824637,189,353,-119
1657206824677,340,327,-146
1657206824717,327,607,-114
1657206824757,327,1034,54
1657206824797,164,1497,347
1657206824837,-296,2047,776
1657206824877,-637,2047,1121
1657206824917,-471,1452,1117
1657206824957,-570,1427,781
1657206824997,-555,1091,511
1657206825037,-747,994,356
1657206825077,-792,754,188
1657206825117,-794,635,46
1657206825157,-827,751,-76
1657206825197,-925,891,-56
1657206825237,-811,931,69
1657206825277,-858,1478,553
1657206825317,-954,2047,919
1657206825357,-607,2047,1675
1657206825397,-356,2047,1632
1657206825437,-169,1575,1074
1657206825477,-69,921,813
1657206825517,199,515,456
1657206825557,262,334,197
1657206825597,375,319,27
1657206825637,673,227,-118
1657206825677,792,512,-156
1657206825717,912,791,-191
1657206825757,485,1523,437
1657206825797,-655,2047,1210
1657206825837,-1645,2047,1278
1657206825877,-1774,1846,455
1657206825917,-1103,1413,384
1657206825957,-1164,1009,219
1657206825997,-1133,527,234
1657206826037,-904,400,-149
1657206826077,-777,229,-266
1657206826117,-790,195,-141
1657206826157,-863,311,12
1657206826197,-999,458,347
1657206826237,-1721,1643,838
1657206826277,-2019,2047,1163
1657206826317,-1335,2047,1491
1657206826357,-926,1928,876
1657206826397,-320,1120,533
1657206826437,116,744,289
1657206826477,390,436,20
1657206826517,488,261,-55
1657206826557,583,198,-22
1657206826597,665,233,-64
1657206826637,868,533,-84
1657206826677,194,1407,280
1657206826717,-1417,2047,490
1657206826757,-1497,2047,587
1657206826797,-1706,1940,372
1657206826837,-1282,1150,386
1657206826877,-1387,973,302
1657206826917,-1352,685,142
1657206826957,-996,224,48
1657206826997,-816,57,14
1657206827037,-621,18,-98
1657206827077,-452,54,-134
1657206827117,-860,397,228
1657206827157,-2048,2040,600
1657206827197,-2048,2047,528
1657206827237,-1340,1985,693
1657206827277,-873,1669,548
1657206827317,-346,926,481
1657206827357,-62,562,431
1657206827397,310,309,113
1657206827437,402,185,-29
1657206827477,472,205,-73
1657206827517,611,348,-102
1657206827557,862,788,-83
1657206827597,148,1772,366
1657206827637,-1491,2047,861
1657206827677,-1526,2047,904
1657206827717,-1866,1898,509
1657206827757,-1237,973,397
1657206827797,-1317,614,470
1657206827837,-1120,222,111
1657206827877,-850,-69,-133
1657206827917,-734,-143,-234
1657206827957,-906,58,-124
1657206827997,-1356,536,97
1657206828037,-2048,2047,534
1657206828077,-2017,2047,465
1657206828117,-1209,2047,543
1657206828157,-634,1355,285
1657206828197,-5,860,316
1657206828237,230,540,263
1657206828277,394,337,205
1657206828317,594,210,55
1657206828357,604,486,-95
1657206828397,780,659,-72
1657206828437,845,1146,198
1657206828477,-94,2047,892
1657206828517,-2048,2047,901
1657206828557,-1311,1872,376
1657206828597,-1635,1293,393
1657206828637,-1278,814,-15
1657206828677,-1188,494,-168
1657206828717,-1072,197,-247
1657206828757,-906,139,-415
1657206828797,-871,85,-340
1657206828837,-1102,307,92
1657206828877,-1930,1155,734
1657206828917,-2048,2047,723
1657206828957,-1263,2047,599
1657206828997,-687,1695,545
1657206829037,-16,1007,493
1657206829077,460,497,240
1657206829117,531,172,114
1657206829157,719,7,-15
1657206829197,624,253,-89
1657206829237,715,606,-125
1657206829277,845,1319,180
1657206829317,-601,2047,971
1657206829357,-2048,2047,1255
1657206829397,-2048,1801,874
1657206829437,-1592,1088,246
1657206829477,-1357,489,49
1657206829517,-1251,229,-104
1657206829557,-994,57,-268
1657206829597,-828,90,-330
1657206829637,-774,211,-306
1657206829677,-1137,424,139
1657206829717,-2048,1301,580
1657206829757,-2048,2047,609
1657206829797,-1305,2044,391
1657206829837,-637,1426,260
1657206829877,81,727,225
1657206829917,422,352,99
1657206829957,565,74,41
1657206829997,789,151,30
1657206830037,864,511,9
1657206830077,793,1035,83
1657206830117,254,1836,453
1657206830157,-2048,2047,1248
1657206830197,-2048,2047,779
1657206830237,-1673,1240,498
1657206830277,-1311,621,237
1657206830317,-1164,481,-80
1657206830357,-1133,289,-141
1657206830397,-1011,-19,-93
1657206830437,-798,-22,-211
1657206830477,-927,61,-62
1657206830517,-1335,417,415
1657206830557,-2048,2047,949
1657206830597,-1809,2047,350
1657206830637,-1128,2047,378
1657206830677,-668,1600,194
1657206830717,168,665,258
1657206830757,526,224,126
1657206830797,593,12,120
1657206830837,799,-85,96
1657206830877,792,150,112
1657206830917,764,616,52
1657206830957,107,1622,122
1657206830997,-2048,2047,940
1657206831037,-2048,2047,664
1657206831077,-1833,703,163
1657206831117,-1529,439,-225
1657206831157,-1225,5,-236
1657206831197,-1085,-184,-168
1657206831237,-904,-32,-284
1657206831277,-871,-37,-202
1657206831317,-1188,100,-37
1657206831357,-2048,511,137
1657206831397,-2048,913,51
1657206831437,-2048,1293,-158
1657206831477,-1073,952,-383
1657206831517,-24,545,-943
1657206831557,142,557,-1403
1657206831597,-16,-195,-888
1657206831637,-613,-297,42
1657206831677,-486,-144,233
1657206831717,-487,-241,365
1657206831757,-498,-83,96
1657206831797,-255,-626,-35
1657206831837,-96,-1141,-137
1657206831877,59,-1093,-709
1657206831917,-349,-914,-291
1657206831957,-537,-898,-408
1657206831997,-365,-615,-849
1657206832037,-541,-614,-614
1657206832077,-350,-39,-666
1657206832117,45,-392,-203
1657206832157,-215,-863,-35
1657206832197,-747,-1328,-332
1657206832237,-724,-1647,5
1657206832277,-772,-1367,-4
1657206832317,-590,-1120,248
1657206832357,-167,-882,-1
1657206832397,-177,-207,-69
1657206832437,177,58,-54
1657206832477,116,279,94
1657206832517,269,152,8
1657206832557,483,207,-264
1657206832597,-239,1042,-359
1657206832637,-2048,1867,485
1657206832677,-2048,1270,1453
1657206832717,-2048,298,905
1657206832757,-1723,-104,123
1657206832797,-1157,-286,-108
1657206832837,-1282,-123,-142
1657206832877,-970,-422,26
1657206832917,-570,-421,-127
1657206832957,-654,-224,-137
1657206832997,-1856,-347,425
1657206833037,-2048,866,646
1657206833077,-2048,1095,238
1657206833117,-1735,1365,36
1657206833157,-586,881,13
1657206833197,355,363,162
1657206833237,702,-97,198
1657206833277,856,-33,156
1657206833317,863,437,128
1657206833357,778,919,130
1657206833397,656,1571,389
1657206833437,-2048,2047,1318
1657206833477,-2048,2047,738
1657206833517,-2048,1185,907
1657206833557,-1895,421,224
1657206833597,-1426,198,-197
1657206833637,-1280,-140,-88
1657206833677,-1026,-160,-152
1657206833717,-781,-59,-221
1657206833757,-872,29,-114
1657206833797,-1690,330,389
1657206833837,-2048,1560,1198
1657206833877,-2048,2047,1056
1657206833917,-1422,2047,658
1657206833957,-269,1398,241
1657206833997,497,562,130
1657206834037,703,144,45
1657206834077,849,14,17
1657206834117,1045,188,15
1657206834157,944,571,-52
1657206834197,908,1335,220
1657206834237,-1920,2047,1177
1657206834277,-2048,2047,325
1657206834317,-2048,1192,61
1657206834357,-1834,580,374
1657206834397,-1279,135,-51
1657206834437,-1081,-206,-231
1657206834477,-789,-246,-233
1657206834517,-697,-171,-266
1657206834557,-709,-186,-147
1657206834597,-1590,262,433
1657206834637,-2048,1666,715
1657206834677,-2048,2047,604
1657206834717,-1465,2016,427
1657206834757,-734,1425,-106
1657206834797,-9,736,17
1657206834837,325,382,58
1657206834877,457,130,26
1657206834917,560,92,4
1657206834957,749,200,21
1657206834997,953,587,-48
1657206835037,341,1643,109
1657206835077,-2048,2047,1210
1657206835117,-2048,1457,117
1657206835157,-1410,464,114
1657206835197,-1294,144,-176
1657206835237,-1007,-125,-264
1657206835277,-706,-342,-203
1657206835317,-885,-380,-101
1657206835357,-1051,-196,-125
1657206835397,-1332,-41,31
1657206835437,-2048,771,709
1657206835477,-2048,1791,828
1657206835517,-1783,1927,494
1657206835557,-818,1450,-10
1657206835597,-46,767,-151
1657206835637,454,300,-105
1657206835677,659,83,-1
1657206835717,824,234,93
1657206835757,799,565,57
1657206835797,815,1078,-104
1657206835837,-1094,2047,595
1657206835877,-2048,2047,1013
1657206835917,-2048,1110,414
1657206835957,-1497,121,9
1657206835997,-1213,-113,-253
1657206836037,-935,-280,-395
1657206836077,-540,-363,-324
1657206836117,-514,-329,-155
1657206836157,-983,-134,24
1657206836197,-2019,259,356
1657206836237,-2048,1420,615
1657206836277,-2048,1907,266
1657206836317,-1283,1496,54
1657206836357,-618,1006,-138
1657206836397,22,494,-65
1657206836437,375,133,96
1657206836477,652,70,110
1657206836517,787,224,67
1657206836557,623,740,167
1657206836597,502,1195,84
1657206836637,-2048,2047,750
1657206836677,-2048,1883,513
1657206836717,-2048,895,207
1657206836757,-1386,324,-139
1657206836797,-1191,17,-169
1657206836837,-979,-139,-195
1657206836877,-788,-227,-139
1657206836917,-635,-245,-74
1657206836957,-714,-114,-90
1657206836997,-1215,76,96
1657206837037,-2048,875,815
1657206837077,-2048,1964,515
1657206837117,-1494,1652,339
1657206837157,-857,1238,-103
1657206837197,-157,642,-125
1657206837237,327,263,-42
1657206837277,508,73,78
1657206837317,884,165,138
1657206837357,909,483,184
1657206837397,541,1274,107
1657206837437,-2048,2047,847
1657206837477,-2048,1702,507
1657206837517,-1867,741,0
1657206837557,-1095,185,-205
1657206837597,-934,-78,-253
1657206837637,-759,-240,-285
1657206837677,-560,-348,-183
1657206837717,-939,-70,-143
1657206837757,-1046,-15,-167
1657206837797,-2048,286,420
1657206837837,-2048,1530,653
1657206837877,-2048,1808,458
1657206837917,-1329,1382,175
1657206837957,-413,802,43
1657206837997,126,405,33
1657206838037,390,129,59
1657206838077,391,108,52
1657206838117,497,287,23
1657206838157,533,467,-34
1657206838197,798,807,13
1657206838237,-2048,2047,1101
1657206838277,-2048,1569,358
1657206838317,-1678,621,-132
1657206838357,-1288,268,-204
1657206838397,-1041,-24,-228
1657206838437,-693,-213,-182
1657206838477,-541,-277,-133
1657206838517,-647,-241,-88
1657206838557,-858,-94,-32
1657206838597,-1202,-51,-25
1657206838637,-2048,586,600
1657206838677,-2048,1468,497
1657206838717,-1788,1296,415
1657206838757,-1264,1132,115
1657206838797,-511,573,5
1657206838837,120,198,22
1657206838877,375,11,59
1657206838917,439,86,49
1657206838957,647,323,-15
1657206838997,690,814,-112
1657206839037,696,1521,102
1657206839077,-2048,2047,1391
1657206839117,-2048,2047,754
1657206839157,-2048,1079,492
1657206839197,-1458,385,262
1657206839237,-1164,59,267
1657206839277,-1044,-223,194
1657206839317,-823,-288,129
1657206839357,-681,-220,41
1657206839397,-807,-114,31
1657206839437,-1305,191,342
1657206839477,-2048,1207,1030
1657206839517,-2048,2047,1053
1657206839557,-1492,2047,775
1657206839597,-818,1508,245
1657206839637,-216,872,146
1657206839677,238,400,-40
1657206839717,298,166,-75
1657206839757,568,142,-57
1657206839797,859,189,-188
1657206839837,1016,355,-388
1657206839877,-98,1426,43
1657206839917,-2048,2047,1212
1657206839957,-2048,1204,720
1657206839997,-1267,294,121
1657206840037,-1038,-22,-101
1657206840077,-865,-199,23
1657206840117,-663,-376,174
1657206840157,-845,-263,231
1657206840197,-871,-160,93
1657206840237,-863,-152,83
1657206840277,-2048,362,880
1657206840317,-2048,1203,614
1657206840357,-2048,1365,198
1657206840397,-1260,1093,-106
1657206840437,-642,777,-103
1657206840477,144,377,-76
1657206840517,558,151,25
1657206840557,704,177,-21
1657206840597,748,411,-56
1657206840637,847,775,-14
1657206840677,-125,1378,313
1657206840717,-2048,2047,1695
1657206840757,-2048,862,887
1657206840797,-1607,34,121
1657206840837,-1128,-182,-72
1657206840877,-779,-392,-35
1657206840917,-426,-512,10
1657206840957,-365,-414,-31
1657206840997,-629,-250,-29
1657206841037,-1052,-218,115
1657206841077,-2048,-1,760
1657206841117,-2048,1124,1265
1657206841157,-2048,1355,906
1657206841197,-1392,1294,495
1657206841237,-589,864,46
1657206841277,209,454,-54
1657206841317,486,182,-41
1657206841357,506,165,96
1657206841397,631,267,128
1657206841437,836,503,104
1657206841477,787,1202,156
1657206841517,-2048,2047,1310
1657206841557,-2048,2047,734
1657206841597,-2048,977,557
1657206841637,-1632,245,238
1657206841677,-1203,33,5
1657206841717,-906,-146,-92
1657206841757,-760,-228,-61
1657206841797,-630,-238,24
1657206841837,-766,-91,-14
1657206841877,-1253,196,100
1657206841917,-2048,682,675
1657206841957,-2048,1680,861
1657206841997,-1904,1725,822
1657206842037,-1105,1264,265
1657206842077,-304,808,26
1657206842117,90,451,-84
1657206842157,327,251,-48
1657206842197,452,176,65
1657206842237,616,215,136
1657206842277,655,619,96
1657206842317,273,1299,210
1657206842357,-2048,2047,1212
1657206842397,-2048,1564,544
1657206842437,-1906,777,32
1657206842477,-1477,273,-53
1657206842517,-1000,-59,-109
1657206842557,-1126,-117,-108
1657206842597,-898,-246,-131
1657206842637,-653,-285,-81
1657206842677,-1015,-7,2
1657206842717,-1692,211,196
1657206842757,-2048,1025,628
1657206842797,-2048,1413,645
1657206842837,-1655,1369,464
1657206842877,-824,971,2
1657206842917,-32,549,12
1657206842957,338,227,43
1657206842997,442,144,134
1657206843037,540,218,109
1657206843077,463,525,166
1657206843117,684,899,49
1657206843157,-1170,1898,895
1657206843197,-2048,2011,997
1657206843237,-2048,1177,-65
1657206843277,-1606,707,-228
1657206843317,-1246,327,-264
1657206843357,-1025,14,-193
1657206843397,-744,-235,-165
1657206843437,-553,-339,-109
1657206843477,-807,-106,-99
1657206843517,-1101,-52,-145
1657206843557,-2048,119,524
1657206843597,-2048,1242,1006
1657206843637,-2000,1499,590
1657206843677,-1328,1261,212
1657206843717,-668,910,73
1657206843757,-54,584,21
1657206843797,280,239,21
1657206843837,537,87,114
1657206843877,705,166,145
1657206843917,579,592,110
1657206843957,424,1211,93
1657206843997,-2048,2047,1013
1657206844037,-2048,1695,451
1657206844077,-1666,933,-233
1657206844117,-1208,466,-328
1657206844157,-1052,137,-254
1657206844197,-1006,-185,-215
1657206844237,-1043,-185,-129
1657206844277,-977,-153,-153
1657206844317,-1157,91,-211
1657206844357,-1802,313,85
1657206844397,-2048,811,682
1657206844437,-2048,1408,455
1657206844477,-1593,1378,293
1657206844517,-913,1013,-106
1657206844557,-238,590,-19
1657206844597,215,241,77
1657206844637,381,17,94
1657206844677,510,83,21
1657206844717,383,385,-79
1657206844757,294,674,118
1657206844797,-1010,1193,762
1657206844837,-2048,1390,989
1657206844877,-2048,1100,500
1657206844917,-1911,624,120
1657206844957,-1556,307,-38
1657206844997,-974,119,-131
1657206845037,-872,0,-54
1657206845077,-796,-201,-5
1657206845117,-617,-205,-71
1657206845157,-729,25,-210
1657206845197,-726,5,-246
1657206845237,-2021,135,259
1657206845277,-2048,744,581
1657206845317,-2048,1071,546
1657206845357,-1543,1065,375
1657206845397,-848,807,-131
1657206845437,-258,568,-172
1657206845477,106,230,8
1657206845517,302,56,137
1657206845557,378,79,111
1657206845597,360,341,69
1657206845637,668,567,-77
1657206845677,-1108,1554,627
1657206845717,-2048,1784,850
1657206845757,-2048,957,217
1657206845797,-1557,555,-73
1657206845837,-1327,254,-171
1657206845877,-1095,-26,-177
1657206845917,-781,-246,-113
1657206845957,-572,-405,-16
1657206845997,-448,-409,-95
1657206846037,-905,-8,37
1657206846077,-1793,-121,234
1657206846117,-2048,877,600
1657206846157,-2048,1164,253
1657206846197,-1661,1066,276
1657206846237,-1072,790,78
1657206846277,-300,463,151
1657206846317,159,225,112
1657206846357,361,177,32
1657206846397,403,247,-2
1657206846437,287,506,122
1657206846477,512,789,109
1657206846517,-1599,1635,945
1657206846557,-2048,1398,899
1657206846597,-1971,841,-125
1657206846637,-1632,560,-206
1657206846677,-1377,203,-313
1657206846717,-1001,-46,-323
1657206846757,-769,-217,-222
1657206846797,-452,-340,-91
1657206846837,-502,-231,-80
1657206846877,-978,-22,-182
1657206846917,-2048,275,266
1657206846957,-2048,932,474
1657206846997,-2048,865,497
1657206847037,-1495,868,165
1657206847077,-788,685,9
1657206847117,-87,418,-29
1657206847157,252,171,-39
1657206847197,392,147,112
1657206847237,475,225,32
1657206847277,450,558,-76
1657206847317,493,902,40
1657206847357,-2048,1915,1235
1657206847397,-2048,1658,1026
1657206847437,-1875,906,267
1657206847477,-1262,442,-9
1657206847517,-1206,146,-72
1657206847557,-1046,-27,-88
1657206847597,-875,-163,-58
1657206847637,-645,-288,-52
1657206847677,-575,-230,-127
1657206847717,-1062,-100,-40
1657206847757,-2048,201,667
1657206847797,-2048,1483,787
1657206847837,-1801,1365,592
1657206847877,-1191,1279,269
1657206847917,-431,877,48
1657206847957,138,394,64
1657206847997,375,44,105
1657206848037,532,56,130
1657206848077,533,251,65
1657206848117,583,540,149
1657206848157,-2,1160,470
1657206848197,-2048,2047,1462
1657206848237,-2048,1829,762
1657206848277,-1879,1116,233
1657206848317,-1376,395,202
1657206848357,-1133,97,122
1657206848397,-996,-78,8
1657206848437,-804,-194,-37
1657206848477,-667,-219,-45
1657206848517,-1111,62,204
1657206848557,-1519,169,356
1657206848597,-2048,666,973
1657206848637,-2048,1388,1024
1657206848677,-1532,1151,579
1657206848717,-735,896,301
1657206848757,24,541,135
1657206848797,337,211,61
1657206848837,456,142,107
1657206848877,577,195,70
1657206848917,546,460,97
1657206848957,352,943,124
1657206848997,-2048,2047,1335
1657206849037,-2048,1424,720
1657206849077,-1513,622,-36
1657206849117,-1396,429,56
1657206849157,-1116,100,-89
1657206849197,-768,-142,-73
1657206849237,-545,-222,-104
1657206849277,-418,-277,-121
1657206849317,-713,-178,-19
1657206849357,-1598,47,232
1657206849397,-2048,589,976
1657206849437,-2048,1147,698
1657206849477,-1649,1039,503
1657206849517,-1197,891,56
1657206849557,-673,488,-21
1657206849597,-61,143,-58
1657206849637,172,43,-31
1657206849677,384,83,-10
1657206849717,363,270,-54
1657206849757,293,536,24
1657206849797,-328,892,421
1657206849837,-2048,1443,1128
1657206849877,-2048,1052,738
1657206849917,-1482,545,217
1657206849957,-1465,372,235
1657206849997,-1258,125,6
1657206850037,-999,-80,-70
1657206850077,-858,-252,23
1657206850117,-627,-287,-41
1657206850157,-515,-226,-114
1657206850197,-874,-73,-65
1657206850237,-1926,-72,267
1657206850277,-2048,643,945
1657206850317,-2048,1191,689
1657206850357,-1427,1176,242
1657206850397,-758,809,-47
1657206850437,-156,361,59
1657206850477,237,85,97
1657206850517,335,-1,100
1657206850557,466,119,35
1657206850597,447,314,22
1657206850637,781,542,-99
1657206850677,-1540,1991,716
1657206850717,-2048,1680,1369
1657206850757,-2048,830,228
1657206850797,-1482,463,-38
1657206850837,-1379,176,-60
1657206850877,-1058,-57,-105
1657206850917,-691,-205,-149
1657206850957,-420,-332,-55
1657206850997,-271,-380,-71
1657206851037,-636,-215,-132
1657206851077,-1926,-207,294
1657206851117,-2048,776,1062
1657206851157,-2048,1228,697
1657206851197,-1498,1049,328
1657206851237,-932,845,96
1657206851277,-297,483,37
1657206851317,229,160,-23
1657206851357,403,9,-9
1657206851397,462,80,-15
1657206851437,440,351,55
1657206851477,486,760,80
1657206851517,-963,1750,689
1657206851557,-2048,1805,1234
1657206851597,-2048,1340,438
1657206851637,-1587,628,-16
1657206851677,-1412,277,17
1657206851717,-1093,-58,-50
1657206851757,-772,-248,-97
1657206851797,-591,-374,-140
1657206851837,-485,-330,-68
1657206851877,-833,-77,-70
1657206851917,-1626,15,16
1657206851957,-2048,562,621
1657206851997,-2048,1203,762
1657206852037,-1690,1229,544
1657206852077,-1015,977,206
1657206852117,-388,635,101
1657206852157,106,366,56
1657206852197,454,145,47
1657206852237,597,105,24
1657206852277,710,326,25
1657206852317,914,637,-93
1657206852357,-158,1498,384
1657206852397,-2048,2047,1491
1657206852437,-2048,1296,505
1657206852477,-1592,455,-183
1657206852517,-1216,149,-110
1657206852557,-913,-118,-122
1657206852597,-616,-346,-150
1657206852637,-431,-394,-84
1657206852677,-791,-175,-33
1657206852717,-1538,-41,0
1657206852757,-2048,374,464
1657206852797,-2048,1031,868
1657206852837,-1991,1310,908
1657206852877,-1151,1312,511
1657206852917,-489,926,194
1657206852957,88,591,152
1657206852997,499,220,81
1657206853037,726,80,-9
1657206853077,881,175,-34
1657206853117,923,535,140
1657206853157,369,1486,344
1657206853197,-2048,2047,1543
1657206853237,-2048,1891,728
1657206853277,-1854,849,-186
1657206853317,-1553,452,-89
1657206853357,-1228,66,-211
1657206853397,-994,-137,-205
1657206853437,-705,-275,-184
1657206853477,-481,-333,-133
1657206853517,-798,-106,-31
1657206853557,-1610,259,110
1657206853597,-2048,448,566
1657206853637,-2048,1545,709
1657206853677,-1860,1545,512
1657206853717,-1093,1299,89
1657206853757,-527,809,129
1657206853797,135,423,216
1657206853837,464,154,131
1657206853877,703,84,-25
1657206853917,677,219,-123
1657206853957,744,663,162
1657206853997,-527,1920,812
1657206854037,-2048,2020,1282
1657206854077,-2048,1249,552
1657206854117,-1736,708,260
1657206854157,-1950,442,143
1657206854197,-1837,197,-70
1657206854237,-1274,-23,-212
1657206854277,-936,-259,-95
1657206854317,-687,-237,-49
1657206854357,-556,-282,-91
1657206854397,-1408,-101,272
1657206854437,-2048,901,985
1657206854477,-2048,1403,736
1657206854517,-1692,1291,557
1657206854557,-1087,1171,24
1657206854597,-592,723,11
1657206854637,21,368,68
1657206854677,330,128,17
1657206854717,520,46,-43
1657206854757,522,161,-69
1657206854797,708,358,47
1657206854837,477,769,339
1657206854877,-2048,2047,1522
1657206854917,-2048,1710,954
1657206854957,-2048,927,130
1657206854997,-1595,423,121
1657206855037,-1402,144,6
1657206855077,-1089,-50,-120
1657206855117,-881,-175,-122
1657206855157,-778,-271,-68
1657206855197,-659,-223,-90
1657206855237,-905,-42,-105
1657206855277,-1585,-84,114
1657206855317,-2048,806,1010
1657206855357,-2048,1261,731
1657206855397,-1487,1237,296
1657206855437,-944,914,22
1657206855477,-312,570,28
1657206855517,146,358,-24
1657206855557,363,236,23
1657206855597,503,167,113
1657206855637,518,381,158
1657206855677,904,694,-148
1657206855717,-976,1773,820
1657206855757,-2048,1856,1363
1657206855797,-2048,1129,178
1657206855837,-1320,101,-127
1657206855877,-1111,-46,45
1657206855917,-770,-254,-107
1657206855957,-794,-299,-114
1657206855997,-908,-247,-14
1657206856037,-1045,-179,1
1657206856077,-998,-106,-180
1657206856117,-2048,222,176
1657206856157,-2048,1033,620
1657206856197,-2048,1411,547
1657206856237,-1213,1245,113
1657206856277,-368,754,167
1657206856317,-4,516,165
1657206856357,384,247,114
1657206856397,629,119,41
1657206856437,601,253,62
1657206856477,459,649,208
1657206856517,557,948,11
1657206856557,-2048,2047,1324
1657206856597,-2048,1713,942
1657206856637,-1787,770,-192
1657206856677,-1612,543,-21
1657206856717,-1310,111,-94
1657206856757,-929,-151,-100
1657206856797,-634,-329,-165
1657206856837,-437,-389,-124
1657206856877,-738,-167,-69
1657206856917,-1496,119,-6
1657206856957,-2048,341,619
1657206856997,-2048,1651,1067
1657206857037,-1777,1521,630
1657206857077,-1277,1284,476
1657206857117,-572,831,306
1657206857157,132,472,202
1657206857197,388,143,54
1657206857237,616,77,86
1657206857277,640,129,105
1657206857317,661,579,61
1657206857357,369,1082,11
1657206857397,-2048,2047,1468
1657206857437,-2048,1363,628
1657206857477,-1556,724,68
1657206857517,-1450,387,183
1657206857557,-1193,114,31
1657206857597,-961,8,-107
1657206857637,-703,-191,-102
1657206857677,-746,-264,-19
1657206857717,-907,-4,-181
1657206857757,-1411,72,-55
1657206857797,-2048,937,754
1657206857837,-2048,1212,407
1657206857877,-1751,1062,640
1657206857917,-1251,954,242
1657206857957,-433,611,66
1657206857997,78,320,-45
1657206858037,384,186,-7
1657206858077,469,215,-60
1657206858117,167,469,232
1657206858157,188,572,299
1657206858197,126,1252,594
1657206858237,-1811,1870,1514
1657206858277,-2048,1593,1469
1657206858317,-1955,1356,809
1657206858357,-1666,321,915
1657206858397,-1865,194,598
1657206858437,-1393,45,128
1657206858477,-1268,-196,145
1657206858517,-845,-159,-40
1657206858557,-757,24,-155
1657206858597,-1071,192,-13
1657206858637,-2048,588,692
1657206858677,-2048,1743,871
1657206858717,-1748,1613,847
1657206858757,-1216,1388,478
1657206858797,-554,780,364
1657206858837,7,542,218
1657206858877,227,350,1
1657206858917,400,285,-11
1657206858957,503,255,-34
1657206858997,515,543,7
1657206859037,649,892,39
1657206859077,-1678,2047,1296
1657206859117,-2048,1911,1062
1657206859157,-1740,974,151
1657206859197,-1358,486,244
1657206859237,-1263,147,158
1657206859277,-1017,-82,-18
1657206859317,-811,-193,-124
1657206859357,-785,-221,-77
1657206859397,-729,-157,-119
1657206859437,-1066,24,-113
1657206859477,-2048,428,388
1657206859517,-2048,1116,701
1657206859557,-2048,1467,726
1657206859597,-1417,1384,368
1657206859637,-887,1102,96
1657206859677,-340,632,127
1657206859717,242,293,97
1657206859757,416,84,58
1657206859797,501,47,90
1657206859837,513,303,93
1657206859877,715,679,-33
1657206859917,-177,1301,291
1657206859957,-2048,2047,1249
1657206859997,-2048,1503,344
1657206860037,-1527,665,-34
1657206860077,-1389,345,71
1657206860117,-1067,46,-28
1657206860157,-842,-62,-194
1657206860197,-746,-260,0
1657206860237,-497,-243,-13
1657206860277,-592,-162,-51
1657206860317,-1601,-1,360
1657206860357,-2048,1199,546
1657206860397,-2048,1534,202
1657206860437,-1695,1224,244
1657206860477,-1223,972,108
1657206860517,-693,770,79
1657206860557,-42,472,38
1657206860597,409,268,102
1657206860637,519,150,108
1657206860677,636,298,82
1657206860717,811,570,-18
1657206860757,246,946,216
1657206860797,-2048,2047,1760
1657206860837,-2048,1217,564
1657206860877,-1759,573,-158
1657206860917,-1478,254,-54
1657206860957,-1091,37,-175
1657206860997,-1094,-51,-200
1657206861037,-912,-203,-151
1657206861077,-604,-418,23
1657206861117,-614,-204,-172
1657206861157,-1781,160,-33
1657206861197,-2048,761,407
1657206861237,-2048,1180,456
1657206861277,-1604,1114,349
1657206861317,-783,735,140
1657206861357,-125,425,-48
1657206861397,165,223,-91
1657206861437,284,71,-70
1657206861477,509,61,115
1657206861517,476,767,175
1657206861557,371,1072,-130
1657206861597,-1454,1476,1262
1657206861637,-2048,1237,1310
1657206861677,-2048,828,162
1657206861717,-1606,402,77
1657206861757,-1477,104,143
1657206861797,-1115,-157,-36
1657206861837,-774,-238,-178
1657206861877,-488,-372,-130
1657206861917,-513,-444,-103
1657206861957,-936,-196,-231
1657206861997,-2048,151,180
1657206862037,-2048,916,606
1657206862077,-2048,1022,691
1657206862117,-1457,864,428
1657206862157,-790,627,222
1657206862197,-263,471,171
1657206862237,145,469,153
1657206862277,373,352,58
1657206862317,451,480,124
1657206862357,496,525,105
1657206862397,565,658,42
1657206862437,-1785,1613,763
1657206862477,-2048,1415,856
1657206862517,-1715,674,-7
1657206862557,-1411,342,217
1657206862597,-1458,181,156
1657206862637,-1027,-17,-31
1657206862677,-716,-197,-56
1657206862717,-537,-484,16
1657206862757,-313,-605,-205
1657206862797,-346,-355,-378
1657206862837,-2048,33,300
1657206862877,-2048,1300,696
1657206862917,-2048,1275,538
1657206862957,-1579,1237,594
1657206862997,-844,946,148
1657206863037,-242,487,119
1657206863077,300,149,81
1657206863117,329,169,112
1657206863157,508,209,100
1657206863197,586,438,169
1657206863237,815,1055,126
1657206863277,-1104,1701,1092
1657206863317,-2048,2047,1305
1657206863357,-2048,1358,124
1657206863397,-1714,652,66
1657206863437,-1519,172,126
1657206863477,-1238,-63,-37
1657206863517,-827,-237,-198
1657206863557,-619,-318,-198
1657206863597,-652,-200,-228
1657206863637,-1201,75,-86
1657206863677,-2048,581,87
1657206863717,-2048,1689,206
1657206863757,-1914,1032,679
1657206863797,-1442,835,510
1657206863837,-917,888,-106
1657206863877,-424,477,-70
1657206863917,-36,185,-71
1657206863957,140,149,-6
1657206863997,328,188,5
1657206864037,352,397,28
1657206864077,444,503,-10
1657206864117,-206,917,581
1657206864157,-2048,1535,1542
1657206864197,-2048,1276,895
1657206864237,-1528,966,462
1657206864277,-1588,709,529
1657206864317,-1755,416,247
1657206864357,-1372,67,-131
1657206864397,-1037,-248,-35
1657206864437,-808,-451,24
1657206864477,-509,-282,-229
1657206864517,-473,-86,-310
1657206864557,-1831,-36,-77
1657206864597,-2048,1264,499
1657206864637,-2048,1472,674
1657206864677,-1869,1676,689
1657206864717,-1095,1280,376
1657206864757,-195,865,354
1657206864797,296,403,270
1657206864837,531,148,169
1657206864877,769,92,106
1657206864917,823,435,22
1657206864957,1011,863,-88
1657206864997,-87,1718,863
1657206865037,-2048,2047,2046
1657206865077,-2048,1458,987
1657206865117,-1863,562,462
1657206865157,-1712,268,342
1657206865197,-1260,7,-10
1657206865237,-728,-170,-135
1657206865277,-403,-365,-198
1657206865317,-224,-416,-280
1657206865357,-484,-339,-255
1657206865397,-2048,112,293
1657206865437,-2048,1172,979
1657206865477,-2048,1442,1085
1657206865517,-1476,1554,670
1657206865557,-681,1031,323
1657206865597,6,653,288
1657206865637,323,283,249
1657206865677,493,143,218
1657206865717,722,122,138
1657206865757,947,349,83
1657206865797,686,1104,157
1657206865837,-2048,2047,1394
1657206865877,-2048,1735,764
1657206865917,-1691,564,231
1657206865957,-1588,329,220
1657206865997,-1288,104,26
1657206866037,-860,-163,-88
1657206866077,-730,-271,-74
1657206866117,-635,-264,-170
1657206866157,-1012,-196,-216
1657206866197,-2048,53,268
1657206866237,-2048,1039,641
1657206866277,-2048,1332,975
1657206866317,-1401,1315,511
1657206866357,-687,988,129
1657206866397,-46,636,154
1657206866437,343,240,94
1657206866477,501,183,160
1657206866517,476,263,244
1657206866557,511,488,244
1657206866597,786,833,229
1657206866637,-2048,2047,1716
1657206866677,-2048,1749,800
1657206866717,-2012,1029,111
1657206866757,-1633,515,204
1657206866797,-1205,157,101
1657206866837,-1438,156,72
1657206866877,-1141,-74,-71
1657206866917,-914,-291,60
1657206866957,-804,-262,47
1657206866997,-1191,-66,92
1657206867037,-2048,592,522
1657206867077,-2048,1302,860
1657206867117,-2042,1386,944
1657206867157,-1169,1187,284
1657206867197,-358,544,248
1657206867237,101,432,83
1657206867277,183,386,108
1657206867317,513,236,224
1657206867357,842,158,192
1657206867397,963,665,-33
1657206867437,140,1555,670
1657206867477,-2048,2047,2045
1657206867517,-2048,1832,730
1657206867557,-2047,1030,144
1657206867597,-1531,426,153
1657206867637,-1214,19,109
1657206867677,-923,-162,-105
1657206867717,-795,-265,-138
1657206867757,-756,-204,-140
1657206867797,-799,-7,-299
1657206867837,-1685,251,-113
1657206867877,-2048,812,366
1657206867917,-2048,1291,860
1657206867957,-1827,1341,922
1657206867997,-1019,1333,506
1657206868037,-316,792,272
1657206868077,166,438,242
1657206868117,341,262,232
1657206868157,589,217,116
1657206868197,817,356,29
1657206868237,979,730,-97
1657206868277,276,1387,461
1657206868317,-2048,2047,1937
1657206868357,-2048,2047,233
1657206868397,-1664,1044,-80
1657206868437,-1445,514,98
1657206868477,-1307,129,64
1657206868517,-965,-75,-204
1657206868557,-755,-236,-222
1657206868597,-653,-444,-145
1657206868637,-989,-214,-128
1657206868677,-1920,233,171
1657206868717,-2048,963,665
1657206868757,-2048,1710,992
1657206868797,-1608,1669,676
1657206868837,-938,1511,65
1657206868877,-346,855,143
1657206868917,225,391,405
1657206868957,450,158,300
1657206868997,788,170,195
1657206869037,918,274,149
1657206869077,1074,781,147
1657206869117,-1380,2047,866
1657206869157,-2048,2047,656
1657206869197,-2048,1259,685
1657206869237,-1806,360,368
1657206869277,-1191,265,-124
1657206869317,-858,78,-150
1657206869357,-480,-228,1
1657206869397,-288,-399,-57
1657206869437,-179,-455,-146
1657206869477,-1118,-149,-269
1657206869517,-2048,550,516
1657206869557,-2048,955,562
1657206869597,-2048,1105,579
1657206869637,-1622,1133,233
1657206869677,-674,988,64
1657206869717,43,580,89
1657206869757,499,163,253
1657206869797,598,103,275
1657206869837,704,201,220
1657206869877,781,517,108
1657206869917,-239,1308,553
1657206869957,-2048,1932,1545
1657206869997,-2048,1156,486
1657206870037,-1963,913,362
1657206870077,-1892,529,140
1657206870117,-1492,181,-64
1657206870157,-1082,-186,3
1657206870197,-772,-333,-33
1657206870237,-500,-372,-146
1657206870277,-767,-250,-75
1657206870317,-1930,74,133
1657206870357,-2048,812,608
1657206870397,-2048,1226,745
1657206870437,-1814,1219,699
1657206870477,-971,1262,250
1657206870517,-232,862,82
1657206870557,338,430,237
1657206870597,517,196,213
1657206870637,665,200,174
1657206870677,472,364,248
1657206870717,-71,863,260
1657206870757,-1344,1589,703
1657206870797,-2048,1698,809
1657206870837,-1877,1107,281
1657206870877,-1651,533,490
1657206870917,-1653,330,347
1657206870957,-1380,124,-42
1657206870997,-1164,-159,-120
1657206871037,-936,-84,-358
1657206871077,-914,-8,-302
1657206871117,-1324,332,-121
1657206871157,-2048,734,385
1657206871197,-2048,977,666
1657206871237,-2016,1234,572
1657206871277,-1499,1186,82
1657206871317,-718,1009,72
1657206871357,-25,424,180
1657206871397,423,155,245
1657206871437,511,137,233
1657206871477,662,348,106
1657206871517,768,713,-189
1657206871557,-35,1073,386
1657206871597,-2048,1861,1549
1657206871637,-2048,1799,854
1657206871677,-1991,1078,328
1657206871717,-1561,343,375
1657206871757,-1249,71,184
1657206871797,-910,-4,-105
1657206871837,-902,-102,-108
1657206871877,-756,-246,-119
1657206871917,-767,-127,-94
1657206871957,-1280,88,-115
1657206871997,-2048,579,452
1657206872037,-2048,1283,800
1657206872077,-2027,1469,665
1657206872117,-1228,1374,254
1657206872157,-557,930,88
1657206872197,42,488,65
1657206872237,326,238,92
1657206872277,471,185,121
1657206872317,532,281,103
1657206872357,618,496,80
1657206872397,340,1146,136
1657206872437,-2048,2047,1246
1657206872477,-2048,1759,920
1657206872517,-1794,1090,47
1657206872557,-1542,618,113
1657206872597,-1428,355,58
1657206872637,-1328,209,-130
1657206872677,-935,-40,-253
1657206872717,-664,-227,-100
1657206872757,-486,-193,-240
1657206872797,-1019,54,-189
1657206872837,-2048,600,262
1657206872877,-2048,1505,596
1657206872917,-1901,1444,478
1657206872957,-1227,1321,305
1657206872997,-562,805,170
1657206873037,-9,546,242
1657206873077,268,351,194
1657206873117,421,149,269
1657206873157,608,260,87
1657206873197,669,759,-4
1657206873237,601,1070,245
1657206873277,-2048,2047,1680
1657206873317,-2048,1903,415
1657206873357,-2048,1210,-45
1657206873397,-1608,533,-74
1657206873437,-1201,220,-145
1657206873477,-798,30,-292
1657206873517,-507,-79,-341
1657206873557,-532,-112,-205
1657206873597,-825,27,-132
1657206873637,-1583,10,11
1657206873677,-2048,913,838
1657206873717,-2048,1650,552
1657206873757,-1639,1493,325
1657206873797,-898,1025,178
1657206873837,-211,540,233
1657206873877,269,351,153
1657206873917,376,232,124
1657206873957,600,286,94
1657206873997,597,422,-44
1657206874037,773,752,164
1657206874077,-1614,2047,1331
1657206874117,-2048,2047,307
1657206874157,-2035,1330,-316
1657206874197,-1580,592,12
1657206874237,-1274,130,-82
1657206874277,-1013,123,-272
1657206874317,-854,-35,-315
1657206874357,-669,-222,-179
1657206874397,-635,-187,-226
1657206874437,-1499,99,-26
1657206874477,-2048,818,151
1657206874517,-2048,1372,239
1657206874557,-1985,1240,491
1657206874597,-1211,1324,64
1657206874637,-479,858,81
1657206874677,-16,425,174
1657206874717,307,149,150
1657206874757,413,199,158
1657206874797,351,303,171
1657206874837,483,484,86
1657206874877,39,907,255
1657206874917,-2048,1765,1172
1657206874957,-2048,1396,506
1657206874997,-1830,855,156
1657206875037,-1646,552,187
1657206875077,-1409,245,63
1657206875117,-1204,61,-27
1657206875157,-874,-153,-74
1657206875197,-616,-240,-81
1657206875237,-642,-8,-220
1657206875277,-893,-49,-260
1657206875317,-2048,188,321
1657206875357,-2048,1227,500
1657206875397,-2048,1482,312
1657206875437,-1387,1457,238
1657206875477,-576,891,52
1657206875517,95,456,154
1657206875557,347,111,229
1657206875597,523,-35,210
1657206875637,696,25,115
1657206875677,665,328,145
1657206875717,467,886,100
1657206875757,-2048,2047,1275
1657206875797,-2048,1956,647
1657206875837,-1761,1152,-7
1657206875877,-1449,597,96
1657206875917,-1460,306,21
1657206875957,-1131,171,-265
1657206875997,-742,-138,-250
1657206876037,-593,-432,-40
1657206876077,-667,-305,-150
1657206876117,-1483,68,-128
1657206876157,-2048,814,422
1657206876197,-2048,1463,508
1657206876237,-1693,1458,365
1657206876277,-920,985,327
1657206876317,-270,534,226
1657206876357,213,312,130
1657206876397,489,278,140
1657206876437,795,285,77
1657206876477,830,559,107
1657206876517,643,837,204
1657206876557,-1786,2047,1150
1657206876597,-2048,1881,853
1657206876637,-2013,1295,355
1657206876677,-1741,772,338
1657206876717,-1655,436,140
1657206876757,-1322,13,77
1657206876797,-1022,-248,6
1657206876837,-815,-76,-181
1657206876877,-688,-51,-283
1657206876917,-1385,-19,-3
1657206876957,-2048,832,759
1657206876997,-2048,1785,531
1657206877037,-1656,1396,703
1657206877077,-1133,1066,416
1657206877117,-371,859,242
1657206877157,64,590,-7
1657206877197,447,228,-64
1657206877237,663,61,-91
1657206877277,513,306,39
1657206877317,403,761,253
1657206877357,-371,1381,538
1657206877397,-2048,2047,1199
1657206877437,-2048,1390,1148
1657206877477,-1827,927,487
1657206877517,-1539,476,234
1657206877557,-1228,150,96
1657206877597,-1001,-28,-69
1657206877637,-850,-85,-140
1657206877677,-757,-163,-137
1657206877717,-975,63,-133
1657206877757,-1405,188,11
1657206877797,-2048,629,724
1657206877837,-2048,1269,560
1657206877877,-1716,1404,442
1657206877917,-1050,1093,60
1657206877957,-363,708,25
1657206877997,122,348,76
1657206878037,357,101,88
1657206878077,584,96,26
1657206878117,530,376,104
1657206878157,546,719,93
1657206878197,-11,1331,280
1657206878237,-2048,2047,1277
1657206878277,-2048,1884,686
1657206878317,-1740,955,61
1657206878357,-1512,527,103
1657206878397,-1287,237,-64
1657206878437,-959,114,-227
1657206878477,-803,-126,-47
1657206878517,-643,-220,-16
1657206878557,-629,-6,-141
1657206878597,-1409,220,18
1657206878637,-2048,719,594
1657206878677,-2048,1468,452
1657206878717,-1718,1462,454
1657206878757,-947,1149,229
1657206878797,-322,583,119
1657206878837,96,339,17
1657206878877,228,234,4
1657206878917,497,175,35
1657206878957,511,397,34
1657206878997,694,672,67
1657206879037,-1242,1768,839
1657206879077,-2048,1569,1126
1657206879117,-1883,1152,500
1657206879157,-1822,972,269
1657206879197,-1655,496,39
1657206879237,-1245,209,-79
1657206879277,-934,-47,-11
1657206879317,-671,-216,-124
1657206879357,-564,-109,-217
1657206879397,-974,124,-249
1657206879437,-2048,389,317
1657206879477,-2048,1467,593
1657206879517,-1937,1396,479
1657206879557,-1329,1176,426
1657206879597,-723,881,156
1657206879637,-171,555,80
1657206879677,234,261,79
1657206879717,445,212,71
1657206879757,454,279,48
1657206879797,296,591,252
1657206879837,5,774,296
1657206879877,-2048,1938,1075
1657206879917,-2047,1430,804
1657206879957,-1611,963,552
1657206879997,-1262,559,339
1657206880037,-1155,245,307
1657206880077,-1258,189,206
1657206880117,-954,-42,-33
1657206880157,-819,-235,43
1657206880197,-839,-137,-47
1657206880237,-1141,250,-203
1657206880277,-2042,496,146
1657206880317,-2048,1099,481
1657206880357,-2048,1408,601
1657206880397,-1570,1249,456
1657206880437,-947,1030,223
1657206880477,-310,798,-40
1657206880517,189,455,46
1657206880557,525,128,155
1657206880597,671,91,142
1657206880637,603,412,72
1657206880677,731,702,-70
1657206880717,-1745,2047,747
1657206880757,-2048,1934,701
1657206880797,-1945,1124,-58
1657206880837,-1383,601,-82
1657206880877,-1211,302,-17
1657206880917,-960,106,-56
1657206880957,-746,-86,-96
1657206880997,-591,-233,-51
1657206881037,-515,-298,-163
1657206881077,-1225,-100,-87
1657206881117,-2048,481,557
1657206881157,-2048,1454,441
1657206881197,-1839,1215,298
1657206881237,-1325,1206,132
1657206881277,-738,900,-59
1657206881317,-82,516,142
1657206881357,255,183,206
1657206881397,430,135,243
1657206881437,519,198,224
1657206881477,632,346,206
1657206881517,546,829,71
1657206881557,-2048,2035,1184
1657206881597,-2048,2030,722
1657206881637,-1957,1368,-42
1657206881677,-1562,686,174
1657206881717,-1421,419,153
1657206881757,-1270,226,-68
1657206881797,-867,-62,-134
1657206881837,-575,-278,-84
1657206881877,-482,-278,-169
1657206881917,-955,-293,-59
1657206881957,-2048,311,798
1657206881997,-2048,1625,698
1657206882037,-1853,1650,637
1657206882077,-1178,1264,391
1657206882117,-607,1005,204
1657206882157,-31,497,128
1657206882197,350,226,111
1657206882237,440,143,82
1657206882277,499,251,140
1657206882317,507,566,97
1657206882357,-49,973,280
1657206882397,-2048,1803,1143
1657206882437,-2048,1285,342
1657206882477,-1803,818,27
1657206882517,-1474,379,131
1657206882557,-1084,131,31
1657206882597,-784,-44,-76
1657206882637,-736,-186,-37
1657206882677,-894,-104,35
1657206882717,-1048,145,-141
1657206882757,-1651,378,-5
1657206882797,-2048,828,316
1657206882837,-2048,1242,108
1657206882877,-1753,1225,37
1657206882917,-1176,960,34
1657206882957,-436,551,84
1657206882997,120,265,62
1657206883037,340,98,150
1657206883077,520,198,174
1657206883117,543,378,231
1657206883157,540,810,67
1657206883197,-858,1528,503
1657206883237,-2048,1994,769
1657206883277,-2048,1562,417
1657206883317,-1735,832,-10
1657206883357,-1470,367,22
1657206883397,-1193,10,67
1657206883437,-952,-110,-164
1657206883477,-818,-143,-251
1657206883517,-682,-111,-198
1657206883557,-811,29,-254
1657206883597,-1808,385,-164
1657206883637,-2048,990,181
1657206883677,-2048,1354,40
1657206883717,-1486,1317,-140
1657206883757,-787,1087,-313
1657206883797,-177,456,21
1657206883837,279,48,211
1657206883877,308,-3,231
1657206883917,423,57,117
1657206883957,345,285,110
1657206883997,392,563,58
1657206884037,-951,1437,148
1657206884077,-2048,1904,183
1657206884117,-2048,1342,-97
1657206884157,-1455,603,-190
1657206884197,-1281,398,-266
1657206884237,-1088,239,-302
1657206884277,-809,76,-278
1657206884317,-640,-146,-147
1657206884357,-539,-255,-31
1657206884397,-713,-36,-184
1657206884437,-1420,282,-276
1657206884477,-2048,604,-70
1657206884517,-2048,1308,-212
1657206884557,-1818,1362,-240
1657206884597,-794,1109,-618
1657206884637,-78,506,-504
1657206884677,313,-105,400
1657206884717,517,-135,13
1657206884757,188,187,505
1657206884797,217,359,7
1657206884837,-551,1392,-443
1657206884877,-140,546,-1573
1657206884917,-729,1519,-1516
1657206884957,-533,1440,-432
1657206884997,302,-88,-509
1657206885037,-162,-405,-138
1657206885077,-404,151,-532
1657206885117,-30,-9,-763
1657206885157,-117,-57,-498
1657206885197,-482,-29,-440
1657206885237,-920,232,-691
1657206885277,-920,99,-487
1657206885317,-1287,195,-613
1657206885357,-1613,447,-1105
1657206885397,-1335,874,-1493
1657206885437,-740,613,-1057
1657206885477,-299,433,-646
1657206885517,-319,372,-515
1657206885557,-431,90,-355
1657206885597,-350,-23,-326
1657206885637,-472,138,-425
1657206885677,-500,153,-443
1657206885717,-579,537,-587
1657206885757,-412,721,-711
1657206885797,-895,1006,-836
1657206885837,-916,1036,-717
1657206885877,-622,771,-439
1657206885917,-644,745,-547
1657206885957,-885,845,-877
1657206885997,-652,409,-803
1657206886037,-636,307,-760
1657206886077,-466,229,-751
1657206886117,-766,308,-790
1657206886157,-909,336,-854
1657206886197,-697,122,-686
1657206886237,-592,39,-759
1657206886277,-507,-84,-753
1657206886317,-491,-52,-858
1657206886357,-557,131,-677
1657206886397,-516,206,-518
1657206886437,-480,18,-691
1657206886477,-662,307,-1115
1657206886517,-937,260,-849
1657206886557,-894,158,-863
1657206886597,-614,38,-676
1657206886637,-344,3,-732
1657206886677,-326,111,-802
1657206886717,-507,290,-1095
1657206886757,-645,359,-966
1657206886797,-489,336,-1105
1657206886837,-655,280,-973
1657206886877,-657,150,-907
1657206886917,-562,57,-789
1657206886957,-490,22,-746
1657206886997,-577,2,-684
1657206887037,-669,36,-750
